Dosya,Gerçek,Tahmin,Yara_Var,Yara_Yok
Termal_Dataset\Yara_Yok\Yüksek Risk 1-2\TOPUK. YR. -1.3.jpg,Yara_Var,Yara_Var,0.9994816,0.00051839836
Termal_Dataset\Yara_Yok\Yüksek Risk 1-2\TOPUK. YR. -1.7.jpg,Yara_Var,Yara_Var,0.9999796,2.0331285e-05
Termal_Dataset\Yara_Yok\Yüksek Risk 1-2\TOPUK. YR. -1.8.jpg,Yara_Yok,Yara_Yok,3.71593e-05,0.9999628
Termal_Dataset\Yara_Yok\Yüksek Risk 1-2\TOPUK. YR. -1.9.jpg,Yara_Yok,Yara_Yok,0.0004056167,0.9995944
Termal_Dataset\Yara_Yok\Yüksek Risk 1-2\TOPUK. YR. -2.0.jpg,Yara_Var,Yara_Var,0.99993634,6.3594984e-05
Termal_Dataset\Yara_Yok\Yüksek Risk 1-2\TOPUK.YR-1.3.jpg,Yara_Yok,Yara_Yok,0.25836474,0.74163526
Termal_Dataset\Yara_Yok\Yüksek Risk 1-2\TOPUK.YR.-1 (1).jpg,Yara_Var,Yara_Var,1.0,1.7068639e-09
Termal_Dataset\Yara_Yok\Yüksek Risk 1-2\TOPUK.YR.-1 (2).jpg,Yara_Var,Yara_Var,0.9726318,0.027368158
Termal_Dataset\Yara_Yok\Yüksek Risk 1-2\TOPUK.YR.-1 (3).jpg,Yara_Yok,Yara_Yok,0.0007922363,0.9992078
Termal_Dataset\Yara_Yok\Yüksek Risk 1-2\TOPUK.YR.-1 (4).jpg,Yara_Yok,Yara_Yok,7.4043186e-05,0.999926
Termal_Dataset\Yara_Yok\Yüksek Risk 1-2\TOPUK.YR.-1 (5).jpg,Yara_Var,Yara_Var,0.9999763,2.3761802e-05
Termal_Dataset\Yara_Yok\Yüksek Risk 1-2\TOPUK.YR.-1.0 (2).jpg,Yara_Yok,Yara_Yok,8.693817e-09,1.0
Termal_Dataset\Yara_Yok\Yüksek Risk 1-2\TOPUK.YR.-1.0 (3).jpg,Yara_Yok,Yara_Yok,4.92112e-07,0.9999995
Termal_Dataset\Yara_Yok\Yüksek Risk 1-2\TOPUK.YR.-1.0 (4).jpg,Yara_Var,Yara_Var,0.99949133,0.00050858845
Termal_Dataset\Yara_Yok\Yüksek Risk 1-2\TOPUK.YR.-1.0 (5).jpg,Yara_Var,Yara_Yok,7.5673415e-05,0.9999243
Termal_Dataset\Yara_Yok\Yüksek Risk 1-2\TOPUK.YR.-1.0.jpg,Yara_Yok,Yara_Yok,0.052480757,0.9475193
Termal_Dataset\Yara_Yok\Yüksek Risk 1-2\TOPUK.YR.-1.1 (1).jpg,Yara_Yok,Yara_Var,0.51750404,0.482496
Termal_Dataset\Yara_Yok\Yüksek Risk 1-2\TOPUK.YR.-1.1 (2).jpg,Yara_Var,Yara_Var,0.9801773,0.019822722
Termal_Dataset\Yara_Yok\Yüksek Risk 1-2\TOPUK.YR.-1.1 (3).jpg,Yara_Var,Yara_Var,0.9993067,0.00069335994
Termal_Dataset\Yara_Yok\Yüksek Risk 1-2\TOPUK.YR.-1.1 (4).jpg,Yara_Yok,Yara_Yok,0.051635798,0.94836426
Termal_Dataset\Yara_Yok\Yüksek Risk 1-2\TOPUK.YR.-1.1 (5).jpg,Yara_Yok,Yara_Yok,1.9088171e-05,0.9999809
Termal_Dataset\Yara_Yok\Yüksek Risk 1-2\TOPUK.YR.-1.1 (6).jpg,Yara_Yok,Yara_Yok,0.00017828848,0.9998217
Termal_Dataset\Yara_Yok\Yüksek Risk 1-2\TOPUK.YR.-1.1 (7).jpg,Yara_Yok,Yara_Yok,4.816957e-05,0.99995184
Termal_Dataset\Yara_Yok\Yüksek Risk 1-2\TOPUK.YR.-1.1.jpeg,Yara_Yok,Yara_Yok,1.7335101e-07,0.9999999
Termal_Dataset\Yara_Yok\Yüksek Risk 1-2\TOPUK.YR.-1.1.jpg,Yara_Var,Yara_Var,0.9775074,0.022492573
Termal_Dataset\Yara_Yok\Yüksek Risk 1-2\TOPUK.YR.-1.2 (1).jpg,Yara_Yok,Yara_Yok,1.6293363e-05,0.99998367
Termal_Dataset\Yara_Yok\Yüksek Risk 1-2\TOPUK.YR.-1.2 (2).jpg,Yara_Yok,Yara_Yok,1.2958624e-07,0.9999999
Termal_Dataset\Yara_Yok\Yüksek Risk 1-2\TOPUK.YR.-1.2 (3).jpg,Yara_Var,Yara_Var,0.9998846,0.00011542091
Termal_Dataset\Yara_Yok\Yüksek Risk 1-2\TOPUK.YR.-1.2 (4).jpg,Yara_Var,Yara_Var,1.0,4.8272053e-09
Termal_Dataset\Yara_Yok\Yüksek Risk 1-2\TOPUK.YR.-1.2 (5).jpg,Yara_Yok,Yara_Yok,0.000911125,0.9990889
Termal_Dataset\Yara_Yok\Yüksek Risk 1-2\TOPUK.YR.-1.2 (6).jpg,Yara_Yok,Yara_Yok,8.3969e-08,0.9999999
Termal_Dataset\Yara_Yok\Yüksek Risk 1-2\TOPUK.YR.-1.2 (7).jpg,Yara_Var,Yara_Yok,0.016728302,0.98327166
Termal_Dataset\Yara_Yok\Yüksek Risk 1-2\TOPUK.YR.-1.2 (8).jpg,Yara_Var,Yara_Var,0.9999999,9.5846595e-08
Termal_Dataset\Yara_Yok\Yüksek Risk 1-2\TOPUK.YR.-1.2.jpeg,Yara_Yok,Yara_Yok,0.22652076,0.7734792
Termal_Dataset\Yara_Yok\Yüksek Risk 1-2\TOPUK.YR.-1.2.jpg,Yara_Var,Yara_Var,0.9999999,1.0324719e-07
Termal_Dataset\Yara_Yok\Yüksek Risk 1-2\TOPUK.YR.-1.3 (1).jpg,Yara_Var,Yara_Var,0.9989681,0.0010319322
Termal_Dataset\Yara_Yok\Yüksek Risk 1-2\TOPUK.YR.-1.3 (2).jpg,Yara_Yok,Yara_Yok,4.593126e-06,0.99999535
Termal_Dataset\Yara_Yok\Yüksek Risk 1-2\TOPUK.YR.-1.3 (3).jpg,Yara_Var,Yara_Var,0.9999994,5.819758e-07
Termal_Dataset\Yara_Yok\Yüksek Risk 1-2\TOPUK.YR.-1.3.jpg,Yara_Yok,Yara_Yok,0.0032115846,0.9967884
Termal_Dataset\Yara_Yok\Yüksek Risk 1-2\TOPUK.YR.-1.4 (1).jpg,Yara_Yok,Yara_Var,0.9463728,0.053627145
Termal_Dataset\Yara_Yok\Yüksek Risk 1-2\TOPUK.YR.-1.4 (2).jpg,Yara_Var,Yara_Var,0.99991965,8.034695e-05
Termal_Dataset\Yara_Yok\Yüksek Risk 1-2\TOPUK.YR.-1.4 (3).jpg,Yara_Var,Yara_Var,0.9988668,0.0011331959
Termal_Dataset\Yara_Yok\Yüksek Risk 1-2\TOPUK.YR.-1.4 (4).jpg,Yara_Var,Yara_Var,0.9989367,0.0010632777
Termal_Dataset\Yara_Yok\Yüksek Risk 1-2\TOPUK.YR.-1.4 (5).jpg,Yara_Var,Yara_Var,0.9929638,0.007036213
Termal_Dataset\Yara_Yok\Yüksek Risk 1-2\TOPUK.YR.-1.4 (6).jpg,Yara_Var,Yara_Var,0.9999999,1.6885926e-07
Termal_Dataset\Yara_Yok\Yüksek Risk 1-2\TOPUK.YR.-1.4 (7).jpg,Yara_Yok,Yara_Yok,0.00217398,0.99782604
Termal_Dataset\Yara_Yok\Yüksek Risk 1-2\TOPUK.YR.-1.4.jpg,Yara_Var,Yara_Var,0.99611294,0.0038870643
Termal_Dataset\Yara_Yok\Yüksek Risk 1-2\TOPUK.YR.-1.5 (1).jpg,Yara_Yok,Yara_Yok,2.912216e-06,0.99999714
Termal_Dataset\Yara_Yok\Yüksek Risk 1-2\TOPUK.YR.-1.5 (2).jpg,Yara_Yok,Yara_Yok,0.022843953,0.97715604
Termal_Dataset\Yara_Yok\Yüksek Risk 1-2\TOPUK.YR.-1.5 (3).jpg,Yara_Yok,Yara_Yok,9.685858e-06,0.99999034
Termal_Dataset\Yara_Yok\Yüksek Risk 1-2\TOPUK.YR.-1.5 (4).jpg,Yara_Var,Yara_Var,0.9739179,0.026082054
Termal_Dataset\Yara_Yok\Yüksek Risk 1-2\TOPUK.YR.-1.5 (5).jpg,Yara_Yok,Yara_Yok,0.040304136,0.9596958
Termal_Dataset\Yara_Yok\Yüksek Risk 1-2\TOPUK.YR.-1.5 (6).jpg,Yara_Var,Yara_Var,1.0,2.3649525e-11
Termal_Dataset\Yara_Yok\Yüksek Risk 1-2\TOPUK.YR.-1.5 (7).jpg,Yara_Yok,Yara_Yok,0.0035938942,0.996406
Termal_Dataset\Yara_Yok\Yüksek Risk 1-2\TOPUK.YR.-1.5 (8).jpg,Yara_Var,Yara_Var,0.99619824,0.0038017845
Termal_Dataset\Yara_Yok\Yüksek Risk 1-2\TOPUK.YR.-1.5 (9).jpg,Yara_Var,Yara_Var,0.91018766,0.089812376
Termal_Dataset\Yara_Yok\Yüksek Risk 1-2\TOPUK.YR.-1.5.jpg,Yara_Var,Yara_Var,0.99958605,0.00041398703
Termal_Dataset\Yara_Yok\Yüksek Risk 1-2\TOPUK.YR.-1.6 (1).jpg,Yara_Var,Yara_Var,0.96157986,0.03842019
Termal_Dataset\Yara_Yok\Yüksek Risk 1-2\TOPUK.YR.-1.6 (10).jpg,Yara_Yok,Yara_Yok,0.00016065716,0.9998393
Termal_Dataset\Yara_Yok\Yüksek Risk 1-2\TOPUK.YR.-1.6 (11).jpg,Yara_Yok,Yara_Yok,2.4478043e-06,0.9999975
Termal_Dataset\Yara_Yok\Yüksek Risk 1-2\TOPUK.YR.-1.6 (12).jpg,Yara_Var,Yara_Var,0.9999379,6.207961e-05
Termal_Dataset\Yara_Yok\Yüksek Risk 1-2\TOPUK.YR.-1.6 (2).jpg,Yara_Var,Yara_Var,0.99121267,0.008787374
Termal_Dataset\Yara_Yok\Yüksek Risk 1-2\TOPUK.YR.-1.6 (3).jpg,Yara_Var,Yara_Var,0.99989724,0.00010270577
Termal_Dataset\Yara_Yok\Yüksek Risk 1-2\TOPUK.YR.-1.6 (4).jpg,Yara_Yok,Yara_Yok,4.1995205e-05,0.99995804
Termal_Dataset\Yara_Yok\Yüksek Risk 1-2\TOPUK.YR.-1.6 (5).jpg,Yara_Yok,Yara_Yok,3.5420737e-06,0.9999964
Termal_Dataset\Yara_Yok\Yüksek Risk 1-2\TOPUK.YR.-1.6 (6).jpg,Yara_Yok,Yara_Yok,0.00067795947,0.99932206
Termal_Dataset\Yara_Yok\Yüksek Risk 1-2\TOPUK.YR.-1.6 (7).jpg,Yara_Var,Yara_Var,0.9999796,2.0358622e-05
Termal_Dataset\Yara_Yok\Yüksek Risk 1-2\TOPUK.YR.-1.6 (8).jpg,Yara_Var,Yara_Var,0.99999917,8.2434445e-07
Termal_Dataset\Yara_Yok\Yüksek Risk 1-2\TOPUK.YR.-1.6 (9).jpg,Yara_Var,Yara_Var,0.99999857,1.4822394e-06
Termal_Dataset\Yara_Yok\Yüksek Risk 1-2\TOPUK.YR.-1.6.jpg,Yara_Var,Yara_Var,0.995981,0.00401906
Termal_Dataset\Yara_Yok\Yüksek Risk 1-2\TOPUK.YR.-1.7 (1).jpg,Yara_Var,Yara_Var,0.9994603,0.0005397571
Termal_Dataset\Yara_Yok\Yüksek Risk 1-2\TOPUK.YR.-1.7 (2).jpg,Yara_Var,Yara_Var,0.9987525,0.0012475521
Termal_Dataset\Yara_Yok\Yüksek Risk 1-2\TOPUK.YR.-1.7 (3).jpg,Yara_Yok,Yara_Yok,0.14757848,0.8524215
Termal_Dataset\Yara_Yok\Yüksek Risk 1-2\TOPUK.YR.-1.7 (4).jpg,Yara_Yok,Yara_Yok,0.0011685292,0.99883145
Termal_Dataset\Yara_Yok\Yüksek Risk 1-2\TOPUK.YR.-1.7 (5).jpg,Yara_Yok,Yara_Yok,4.6943078e-05,0.99995303
Termal_Dataset\Yara_Yok\Yüksek Risk 1-2\TOPUK.YR.-1.7 (6).jpg,Yara_Yok,Yara_Yok,3.0981402e-05,0.999969
Termal_Dataset\Yara_Yok\Yüksek Risk 1-2\TOPUK.YR.-1.7 (7).jpg,Yara_Var,Yara_Var,0.9998702,0.00012980177
Termal_Dataset\Yara_Yok\Yüksek Risk 1-2\TOPUK.YR.-1.7.jpg,Yara_Yok,Yara_Yok,0.2890308,0.7109692
Termal_Dataset\Yara_Yok\Yüksek Risk 1-2\TOPUK.YR.-1.8 (1).jpg,Yara_Yok,Yara_Yok,0.031361368,0.9686386
Termal_Dataset\Yara_Yok\Yüksek Risk 1-2\TOPUK.YR.-1.8 (2).jpg,Yara_Var,Yara_Var,0.99809057,0.001909447
Termal_Dataset\Yara_Yok\Yüksek Risk 1-2\TOPUK.YR.-1.8 (3).jpg,Yara_Yok,Yara_Var,0.8128774,0.18712261
Termal_Dataset\Yara_Yok\Yüksek Risk 1-2\TOPUK.YR.-1.8 (4).jpg,Yara_Yok,Yara_Yok,0.00052621413,0.99947375
Termal_Dataset\Yara_Yok\Yüksek Risk 1-2\TOPUK.YR.-1.8 (5).jpg,Yara_Yok,Yara_Yok,0.00013868211,0.99986124
Termal_Dataset\Yara_Yok\Yüksek Risk 1-2\TOPUK.YR.-1.8 (6).jpg,Yara_Yok,Yara_Yok,1.1958782e-07,0.9999999
Termal_Dataset\Yara_Yok\Yüksek Risk 1-2\TOPUK.YR.-1.8 (7).jpg,Yara_Var,Yara_Var,0.96626204,0.033737984
Termal_Dataset\Yara_Yok\Yüksek Risk 1-2\TOPUK.YR.-1.8.jpg,Yara_Yok,Yara_Yok,1.8028131e-05,0.999982
Termal_Dataset\Yara_Yok\Yüksek Risk 1-2\TOPUK.YR.-1.9 (1).jpg,Yara_Var,Yara_Var,0.9250764,0.07492358
Termal_Dataset\Yara_Yok\Yüksek Risk 1-2\TOPUK.YR.-1.9 (2).jpg,Yara_Yok,Yara_Yok,4.3570694e-07,0.9999995
Termal_Dataset\Yara_Yok\Yüksek Risk 1-2\TOPUK.YR.-1.9 (3).jpg,Yara_Var,Yara_Var,0.9999981,1.9010027e-06
Termal_Dataset\Yara_Yok\Yüksek Risk 1-2\TOPUK.YR.-1.9 (4).jpg,Yara_Yok,Yara_Yok,0.010533445,0.9894665
Termal_Dataset\Yara_Yok\Yüksek Risk 1-2\TOPUK.YR.-1.9 (5).jpg,Yara_Var,Yara_Var,0.9972907,0.0027093156
Termal_Dataset\Yara_Yok\Yüksek Risk 1-2\TOPUK.YR.-1.9 (6).jpg,Yara_Yok,Yara_Yok,0.0029734802,0.9970265
Termal_Dataset\Yara_Yok\Yüksek Risk 1-2\TOPUK.YR.-1.9 (7).jpg,Yara_Yok,Yara_Yok,6.7703286e-06,0.9999932
Termal_Dataset\Yara_Yok\Yüksek Risk 1-2\TOPUK.YR.-1.9.jpg,Yara_Var,Yara_Var,0.9967777,0.0032222543
Termal_Dataset\Yara_Yok\Yüksek Risk 1-2\TOPUK.YR.-1.jpg,Yara_Var,Yara_Var,0.985558,0.01444209
Termal_Dataset\Yara_Yok\Yüksek Risk 1-2\TOPUK.YR.-2 (1).jpg,Yara_Yok,Yara_Yok,2.8024786e-07,0.99999976
Termal_Dataset\Yara_Yok\Yüksek Risk 1-2\TOPUK.YR.-2 (2).jpg,Yara_Yok,Yara_Var,0.5347829,0.46521708
Termal_Dataset\Yara_Yok\Yüksek Risk 1-2\TOPUK.YR.-2.0 (2).jpg,Yara_Yok,Yara_Yok,1.8449207e-05,0.9999815
Termal_Dataset\Yara_Yok\Yüksek Risk 1-2\TOPUK.YR.-2.0.jpeg,Yara_Yok,Yara_Yok,0.00083756103,0.99916244
Termal_Dataset\Yara_Yok\Yüksek Risk 1-2\TOPUK.YR.-2.0.jpg,Yara_Yok,Yara_Yok,0.2363826,0.76361746
Termal_Dataset\Yara_Yok\Yüksek Risk 1-2\TOPUK.YR.-2.jpg,Yara_Var,Yara_Var,0.9999995,4.2196265e-07
Termal_Dataset\Yara_Yok\Çok Yüksek Risk _2\02.05.2025..TOPUK.ÇYR.-2.1.jpg,Yara_Var,Yara_Var,1.0,4.8272053e-09
Termal_Dataset\Yara_Yok\Çok Yüksek Risk _2\02.05.2025..TOPUK.ÇYR.-2.jpg,Yara_Yok,Yara_Yok,0.0028329974,0.99716705
"Termal_Dataset\Yara_Yok\Çok Yüksek Risk _2\113.03.2025.TOPUK.ÇYR.-2,6.jpg",Yara_Yok,Yara_Yok,7.678011e-05,0.9999232
"Termal_Dataset\Yara_Yok\Çok Yüksek Risk _2\13.03.2025.TOPUK.ÇYR.-2,6.jpg",Yara_Yok,Yara_Yok,0.0010249101,0.99897516
"Termal_Dataset\Yara_Yok\Çok Yüksek Risk _2\13.03.2025.TPUK.ÇYR.-3,2.jpg",Yara_Var,Yara_Var,0.9985139,0.0014861067
Termal_Dataset\Yara_Yok\Çok Yüksek Risk _2\1TOPUK.ÇYR.-2.3.jpg,Yara_Yok,Yara_Yok,2.1848977e-05,0.9999782
Termal_Dataset\Yara_Yok\Çok Yüksek Risk _2\1TOPUK.ÇYR.-2.4.jpg,Yara_Yok,Yara_Yok,0.0008149542,0.999185
Termal_Dataset\Yara_Yok\Çok Yüksek Risk _2\1TOPUK.ÇYR.-2.5.jpg,Yara_Yok,Yara_Yok,0.042067874,0.9579322
Termal_Dataset\Yara_Yok\Çok Yüksek Risk _2\1TOPUK.ÇYR.-2.9.jpg,Yara_Yok,Yara_Yok,0.0034757156,0.9965243
Termal_Dataset\Yara_Yok\Çok Yüksek Risk _2\22.04.2025.GLUTEAL.ÇYR.-2.1.jpg,Yara_Yok,Yara_Yok,0.32519737,0.67480266
Termal_Dataset\Yara_Yok\Çok Yüksek Risk _2\22.04.2025.TOPUK.ÇYR.-2.2.jpg,Yara_Var,Yara_Var,0.96434313,0.03565685
Termal_Dataset\Yara_Yok\Çok Yüksek Risk _2\22.04.2025.TOPUK.ÇYR.-2.7.jpg,Yara_Yok,Yara_Yok,1.9325407e-05,0.9999807
Termal_Dataset\Yara_Yok\Çok Yüksek Risk _2\22.04.2025.TOPUK.ÇYR.-2.9.jpg,Yara_Yok,Yara_Yok,0.09612868,0.9038713
Termal_Dataset\Yara_Yok\Çok Yüksek Risk _2\22.04.2025.TOPUK.ÇYR.-4.6.jpg,Yara_Var,Yara_Var,0.9999968,3.1769127e-06
Termal_Dataset\Yara_Yok\Çok Yüksek Risk _2\DİRSEK.ÇYR.-2.1.jpg,Yara_Var,Yara_Yok,0.06497761,0.9350224
Termal_Dataset\Yara_Yok\Çok Yüksek Risk _2\DİRSEK.ÇYR.-2.2.jpg,Yara_Yok,Yara_Var,0.9727806,0.027219411
Termal_Dataset\Yara_Yok\Çok Yüksek Risk _2\DİRSEK.ÇYR.-2.3.jpg,Yara_Var,Yara_Var,0.99999726,2.6918035e-06
Termal_Dataset\Yara_Yok\Çok Yüksek Risk _2\DİRSEK.ÇYR.-2.6.jpg,Yara_Var,Yara_Var,0.9912397,0.008760294
Termal_Dataset\Yara_Yok\Çok Yüksek Risk _2\DİRSEK.ÇYR.-5.4.jpg,Yara_Yok,Yara_Yok,0.09322418,0.9067759
Termal_Dataset\Yara_Yok\Çok Yüksek Risk _2\GLUTEAL.ÇYR.-2.1 (10).jpg,Yara_Var,Yara_Var,1.0,4.4613427e-10
Termal_Dataset\Yara_Yok\Çok Yüksek Risk _2\GLUTEAL.ÇYR.-2.1 (2).jpg,Yara_Yok,Yara_Yok,3.131129e-07,0.99999964
Termal_Dataset\Yara_Yok\Çok Yüksek Risk _2\GLUTEAL.ÇYR.-2.1 (3).jpg,Yara_Var,Yara_Var,0.9943679,0.0056320676
Termal_Dataset\Yara_Yok\Çok Yüksek Risk _2\GLUTEAL.ÇYR.-2.1 (4).jpg,Yara_Yok,Yara_Yok,0.0005283356,0.9994717
Termal_Dataset\Yara_Yok\Çok Yüksek Risk _2\GLUTEAL.ÇYR.-2.1 (5).jpg,Yara_Var,Yara_Var,0.99972147,0.00027852072
Termal_Dataset\Yara_Yok\Çok Yüksek Risk _2\GLUTEAL.ÇYR.-2.1 (6).jpg,Yara_Var,Yara_Var,0.85705245,0.14294752
Termal_Dataset\Yara_Yok\Çok Yüksek Risk _2\GLUTEAL.ÇYR.-2.1 (7).jpg,Yara_Yok,Yara_Yok,1.3719376e-05,0.9999863
Termal_Dataset\Yara_Yok\Çok Yüksek Risk _2\GLUTEAL.ÇYR.-2.1 (8).jpg,Yara_Yok,Yara_Yok,6.7444285e-05,0.9999325
Termal_Dataset\Yara_Yok\Çok Yüksek Risk _2\GLUTEAL.ÇYR.-2.1 (9).jpg,Yara_Var,Yara_Var,0.9985139,0.0014861067
Termal_Dataset\Yara_Yok\Çok Yüksek Risk _2\GLUTEAL.ÇYR.-2.1.jpg,Yara_Yok,Yara_Yok,4.168796e-05,0.9999583
Termal_Dataset\Yara_Yok\Çok Yüksek Risk _2\GLUTEAL.ÇYR.-2.2 (2).jpg,Yara_Yok,Yara_Yok,0.0015696677,0.9984303
Termal_Dataset\Yara_Yok\Çok Yüksek Risk _2\GLUTEAL.ÇYR.-2.2 (3).jpg,Yara_Var,Yara_Var,0.8293232,0.17067683
Termal_Dataset\Yara_Yok\Çok Yüksek Risk _2\GLUTEAL.ÇYR.-2.2 (4).jpg,Yara_Yok,Yara_Var,0.997439,0.0025609452
Termal_Dataset\Yara_Yok\Çok Yüksek Risk _2\GLUTEAL.ÇYR.-2.2 (5).jpg,Yara_Yok,Yara_Var,0.97012264,0.029877335
Termal_Dataset\Yara_Yok\Çok Yüksek Risk _2\GLUTEAL.ÇYR.-2.2.jpg,Yara_Yok,Yara_Yok,0.0017758233,0.9982242
Termal_Dataset\Yara_Yok\Çok Yüksek Risk _2\GLUTEAL.ÇYR.-2.3 (2).jpg,Yara_Var,Yara_Var,0.99998176,1.8217583e-05
Termal_Dataset\Yara_Yok\Çok Yüksek Risk _2\GLUTEAL.ÇYR.-2.3 (3).jpg,Yara_Var,Yara_Var,0.9845083,0.015491695
Termal_Dataset\Yara_Yok\Çok Yüksek Risk _2\GLUTEAL.ÇYR.-2.3 (4).jpg,Yara_Var,Yara_Var,0.99994576,5.4239634e-05
Termal_Dataset\Yara_Yok\Çok Yüksek Risk _2\GLUTEAL.ÇYR.-2.3 (5).jpg,Yara_Var,Yara_Var,0.982307,0.017692951
Termal_Dataset\Yara_Yok\Çok Yüksek Risk _2\GLUTEAL.ÇYR.-2.3.jpg,Yara_Var,Yara_Var,0.99862695,0.0013730229
Termal_Dataset\Yara_Yok\Çok Yüksek Risk _2\GLUTEAL.ÇYR.-2.4 (2).jpg,Yara_Var,Yara_Var,0.9947701,0.0052298587
Termal_Dataset\Yara_Yok\Çok Yüksek Risk _2\GLUTEAL.ÇYR.-2.4 (3).jpg,Yara_Var,Yara_Var,0.8150938,0.18490621
Termal_Dataset\Yara_Yok\Çok Yüksek Risk _2\GLUTEAL.ÇYR.-2.4 (4).jpg,Yara_Yok,Yara_Yok,0.00043872272,0.99956125
Termal_Dataset\Yara_Yok\Çok Yüksek Risk _2\GLUTEAL.ÇYR.-2.4 (5).jpg,Yara_Var,Yara_Var,0.99996734,3.2620814e-05
Termal_Dataset\Yara_Yok\Çok Yüksek Risk _2\GLUTEAL.ÇYR.-2.4.jpg,Yara_Yok,Yara_Yok,0.008150919,0.99184906
Termal_Dataset\Yara_Yok\Çok Yüksek Risk _2\GLUTEAL.ÇYR.-2.5 (2).jpg,Yara_Yok,Yara_Yok,9.466201e-07,0.99999905
Termal_Dataset\Yara_Yok\Çok Yüksek Risk _2\GLUTEAL.ÇYR.-2.5 (3).jpg,Yara_Yok,Yara_Yok,0.00031571437,0.99968433
Termal_Dataset\Yara_Yok\Çok Yüksek Risk _2\GLUTEAL.ÇYR.-2.5.jpg,Yara_Var,Yara_Var,0.97902876,0.020971252
Termal_Dataset\Yara_Yok\Çok Yüksek Risk _2\GLUTEAL.ÇYR.-2.6 (2).jpg,Yara_Var,Yara_Var,0.997471,0.002528991
Termal_Dataset\Yara_Yok\Çok Yüksek Risk _2\GLUTEAL.ÇYR.-2.6 (3).jpg,Yara_Yok,Yara_Yok,0.028240649,0.9717594
Termal_Dataset\Yara_Yok\Çok Yüksek Risk _2\GLUTEAL.ÇYR.-2.6 (4).jpg,Yara_Var,Yara_Var,0.9999999,1.0324719e-07
Termal_Dataset\Yara_Yok\Çok Yüksek Risk _2\GLUTEAL.ÇYR.-2.6.jpg,Yara_Var,Yara_Var,0.9999968,3.2475773e-06
Termal_Dataset\Yara_Yok\Çok Yüksek Risk _2\GLUTEAL.ÇYR.-2.7 (2).jpg,Yara_Var,Yara_Var,0.9883748,0.011625168
Termal_Dataset\Yara_Yok\Çok Yüksek Risk _2\GLUTEAL.ÇYR.-2.7 (3).jpg,Yara_Yok,Yara_Yok,0.070725344,0.9292747
Termal_Dataset\Yara_Yok\Çok Yüksek Risk _2\GLUTEAL.ÇYR.-2.7 (4).jpg,Yara_Var,Yara_Var,0.9998884,0.00011151114
Termal_Dataset\Yara_Yok\Çok Yüksek Risk _2\GLUTEAL.ÇYR.-2.7.jpg,Yara_Var,Yara_Var,1.0,2.4950034e-10
Termal_Dataset\Yara_Yok\Çok Yüksek Risk _2\GLUTEAL.ÇYR.-2.8 (2).jpg,Yara_Yok,Yara_Yok,0.0021571345,0.9978429
Termal_Dataset\Yara_Yok\Çok Yüksek Risk _2\GLUTEAL.ÇYR.-2.8 (3).jpg,Yara_Yok,Yara_Yok,0.14277166,0.8572283
Termal_Dataset\Yara_Yok\Çok Yüksek Risk _2\GLUTEAL.ÇYR.-2.8 (4).jpg,Yara_Yok,Yara_Yok,3.5985104e-05,0.999964
Termal_Dataset\Yara_Yok\Çok Yüksek Risk _2\GLUTEAL.ÇYR.-2.8.jpg,Yara_Yok,Yara_Yok,0.00047184227,0.99952817
Termal_Dataset\Yara_Yok\Çok Yüksek Risk _2\GLUTEAL.ÇYR.-2.9.jpg,Yara_Var,Yara_Var,0.9999994,5.8301185e-07
Termal_Dataset\Yara_Yok\Çok Yüksek Risk _2\GLUTEAL.ÇYR.-3.0 (2).jpg,Yara_Var,Yara_Var,0.9786193,0.021380737
Termal_Dataset\Yara_Yok\Çok Yüksek Risk _2\GLUTEAL.ÇYR.-3.0 (3).jpg,Yara_Var,Yara_Var,0.99999726,2.6918035e-06
Termal_Dataset\Yara_Yok\Çok Yüksek Risk _2\GLUTEAL.ÇYR.-3.0 (4).jpg,Yara_Var,Yara_Var,0.9985139,0.0014861067
Termal_Dataset\Yara_Yok\Çok Yüksek Risk _2\GLUTEAL.ÇYR.-3.0 (5).jpg,Yara_Yok,Yara_Yok,0.0003019008,0.99969816
Termal_Dataset\Yara_Yok\Çok Yüksek Risk _2\GLUTEAL.ÇYR.-3.0 (6).jpg,Yara_Var,Yara_Var,0.998133,0.0018670311
Termal_Dataset\Yara_Yok\Çok Yüksek Risk _2\GLUTEAL.ÇYR.-3.0.jpg,Yara_Var,Yara_Var,0.9978053,0.0021946877
Termal_Dataset\Yara_Yok\Çok Yüksek Risk _2\GLUTEAL.ÇYR.-3.1 (2).jpg,Yara_Var,Yara_Var,0.9309367,0.069063306
Termal_Dataset\Yara_Yok\Çok Yüksek Risk _2\GLUTEAL.ÇYR.-3.1 (3).jpg,Yara_Yok,Yara_Yok,5.266484e-06,0.99999475
Termal_Dataset\Yara_Yok\Çok Yüksek Risk _2\GLUTEAL.ÇYR.-3.1 (4).jpg,Yara_Yok,Yara_Yok,0.26247573,0.7375243
Termal_Dataset\Yara_Yok\Çok Yüksek Risk _2\GLUTEAL.ÇYR.-3.1 (5).jpg,Yara_Yok,Yara_Yok,0.0023129627,0.997687
Termal_Dataset\Yara_Yok\Çok Yüksek Risk _2\GLUTEAL.ÇYR.-3.1.jpg,Yara_Var,Yara_Var,0.99887234,0.0011275992
Termal_Dataset\Yara_Yok\Çok Yüksek Risk _2\GLUTEAL.ÇYR.-3.2 (2).jpg,Yara_Yok,Yara_Yok,3.7346545e-08,1.0
Termal_Dataset\Yara_Yok\Çok Yüksek Risk _2\GLUTEAL.ÇYR.-3.2.jpg,Yara_Var,Yara_Var,0.9999974,2.6510065e-06
Termal_Dataset\Yara_Yok\Çok Yüksek Risk _2\GLUTEAL.ÇYR.-3.3 (2).jpg,Yara_Yok,Yara_Yok,0.003478353,0.9965217
Termal_Dataset\Yara_Yok\Çok Yüksek Risk _2\GLUTEAL.ÇYR.-3.3 (3).jpg,Yara_Var,Yara_Var,0.9999981,1.89989e-06
Termal_Dataset\Yara_Yok\Çok Yüksek Risk _2\GLUTEAL.ÇYR.-3.3.jpg,Yara_Var,Yara_Var,0.99999595,4.05948e-06
Termal_Dataset\Yara_Yok\Çok Yüksek Risk _2\GLUTEAL.ÇYR.-3.4.jpg,Yara_Yok,Yara_Var,0.97474664,0.02525342
Termal_Dataset\Yara_Yok\Çok Yüksek Risk _2\GLUTEAL.ÇYR.-3.5 (2).jpg,Yara_Yok,Yara_Yok,0.00047105,0.999529
Termal_Dataset\Yara_Yok\Çok Yüksek Risk _2\GLUTEAL.ÇYR.-3.5.jpg,Yara_Yok,Yara_Yok,4.0913776e-05,0.9999591
Termal_Dataset\Yara_Yok\Çok Yüksek Risk _2\GLUTEAL.ÇYR.-4.1.jpg,Yara_Yok,Yara_Yok,2.817571e-05,0.99997187
Termal_Dataset\Yara_Yok\Çok Yüksek Risk _2\GLYTEAL.ÇYR.-3.3.jpg,Yara_Var,Yara_Yok,0.0031594678,0.9968405
Termal_Dataset\Yara_Yok\Çok Yüksek Risk _2\LATERAL MALLEOL.ÇYR.-2.4.jpg,Yara_Var,Yara_Var,0.9910296,0.008970384
Termal_Dataset\Yara_Yok\Çok Yüksek Risk _2\SAKRUM.ÇYR.-2.1 (2).jpg,Yara_Var,Yara_Var,0.995981,0.00401906
Termal_Dataset\Yara_Yok\Çok Yüksek Risk _2\SAKRUM.ÇYR.-2.1.jpg,Yara_Yok,Yara_Yok,0.21629356,0.7837064
Termal_Dataset\Yara_Yok\Çok Yüksek Risk _2\SAKRUM.ÇYR.-2.2 (1).jpg,Yara_Var,Yara_Yok,0.001408845,0.9985911
Termal_Dataset\Yara_Yok\Çok Yüksek Risk _2\SAKRUM.ÇYR.-2.2.jpg,Yara_Var,Yara_Var,0.9999728,2.7195285e-05
Termal_Dataset\Yara_Yok\Çok Yüksek Risk _2\SAKRUM.ÇYR.-2.4.jpg,Yara_Yok,Yara_Yok,6.115535e-05,0.99993885
Termal_Dataset\Yara_Yok\Çok Yüksek Risk _2\SAKRUM.ÇYR.-2.5.jpg,Yara_Var,Yara_Yok,0.029703781,0.97029626
Termal_Dataset\Yara_Yok\Çok Yüksek Risk _2\SAKRUM.ÇYR.-2.7.jpg,Yara_Var,Yara_Var,0.9646851,0.035314914
Termal_Dataset\Yara_Yok\Çok Yüksek Risk _2\SAKRUM.ÇYR.-3.0.jpg,Yara_Var,Yara_Var,0.9999796,2.0331285e-05
Termal_Dataset\Yara_Yok\Çok Yüksek Risk _2\SAKRUM.ÇYR.-3.1 (2).jpg,Yara_Var,Yara_Var,0.99999666,3.3585425e-06
Termal_Dataset\Yara_Yok\Çok Yüksek Risk _2\SAKRUM.ÇYR.-3.1.jpg,Yara_Var,Yara_Var,0.91018766,0.089812376
Termal_Dataset\Yara_Yok\Çok Yüksek Risk _2\SAKRUM.ÇYR.-3.5.jpg,Yara_Yok,Yara_Yok,1.2958624e-07,0.9999999
Termal_Dataset\Yara_Yok\Çok Yüksek Risk _2\SAKRUM.ÇYR.-3.8.jpg,Yara_Var,Yara_Var,0.9991855,0.00081454555
Termal_Dataset\Yara_Yok\Çok Yüksek Risk _2\TOPUK. ÇYR. -2.3.jpg,Yara_Var,Yara_Var,0.9980301,0.001969914
Termal_Dataset\Yara_Yok\Çok Yüksek Risk _2\TOPUK. ÇYR. -4.2.jpg,Yara_Yok,Yara_Yok,2.7791484e-05,0.9999722
Termal_Dataset\Yara_Yok\Çok Yüksek Risk _2\TOPUK.ÇYR.-2.1 (1).jpg,Yara_Yok,Yara_Yok,3.5516962e-08,1.0
Termal_Dataset\Yara_Yok\Çok Yüksek Risk _2\TOPUK.ÇYR.-2.1 (2).jpg,Yara_Yok,Yara_Yok,0.00085959316,0.9991404
Termal_Dataset\Yara_Yok\Çok Yüksek Risk _2\TOPUK.ÇYR.-2.1 (3).jpg,Yara_Yok,Yara_Yok,1.0035319e-05,0.99999
Termal_Dataset\Yara_Yok\Çok Yüksek Risk _2\TOPUK.ÇYR.-2.1 (4).jpg,Yara_Var,Yara_Var,1.0,1.3567814e-14
Termal_Dataset\Yara_Yok\Çok Yüksek Risk _2\TOPUK.ÇYR.-2.1 (5).jpg,Yara_Var,Yara_Var,0.99999595,4.05948e-06
Termal_Dataset\Yara_Yok\Çok Yüksek Risk _2\TOPUK.ÇYR.-2.1 (6).jpg,Yara_Yok,Yara_Yok,0.042017583,0.95798236
Termal_Dataset\Yara_Yok\Çok Yüksek Risk _2\TOPUK.ÇYR.-2.1 (7).jpg,Yara_Yok,Yara_Yok,2.9091348e-06,0.99999714
Termal_Dataset\Yara_Yok\Çok Yüksek Risk _2\TOPUK.ÇYR.-2.1 (8).jpg,Yara_Yok,Yara_Yok,0.00011920509,0.9998808
Termal_Dataset\Yara_Yok\Çok Yüksek Risk _2\TOPUK.ÇYR.-2.1.jpeg,Yara_Var,Yara_Var,0.9910296,0.008970384
Termal_Dataset\Yara_Yok\Çok Yüksek Risk _2\TOPUK.ÇYR.-2.1.jpg,Yara_Yok,Yara_Yok,0.014645552,0.9853544
Termal_Dataset\Yara_Yok\Çok Yüksek Risk _2\TOPUK.ÇYR.-2.2 (1).jpg,Yara_Yok,Yara_Yok,0.003233615,0.9967663
Termal_Dataset\Yara_Yok\Çok Yüksek Risk _2\TOPUK.ÇYR.-2.2 (2).jpg,Yara_Yok,Yara_Yok,0.0026288298,0.9973712
Termal_Dataset\Yara_Yok\Çok Yüksek Risk _2\TOPUK.ÇYR.-2.2 (3).jpg,Yara_Yok,Yara_Yok,0.00047462442,0.9995254
Termal_Dataset\Yara_Yok\Çok Yüksek Risk _2\TOPUK.ÇYR.-2.2 (4).jpg,Yara_Yok,Yara_Yok,0.004766729,0.99523324
Termal_Dataset\Yara_Yok\Çok Yüksek Risk _2\TOPUK.ÇYR.-2.2.jpeg,Yara_Yok,Yara_Yok,8.941827e-07,0.99999905
Termal_Dataset\Yara_Yok\Çok Yüksek Risk _2\TOPUK.ÇYR.-2.2.jpg,Yara_Yok,Yara_Yok,6.2117834e-08,0.9999999
Termal_Dataset\Yara_Yok\Çok Yüksek Risk _2\TOPUK.ÇYR.-2.3 (1).jpg,Yara_Var,Yara_Var,0.99998987,1.0106485e-05
Termal_Dataset\Yara_Yok\Çok Yüksek Risk _2\TOPUK.ÇYR.-2.3 (2).jpg,Yara_Var,Yara_Var,0.99862695,0.0013730229
Termal_Dataset\Yara_Yok\Çok Yüksek Risk _2\TOPUK.ÇYR.-2.3 (3).jpg,Yara_Var,Yara_Var,0.96416503,0.03583493
Termal_Dataset\Yara_Yok\Çok Yüksek Risk _2\TOPUK.ÇYR.-2.3 (4).jpg,Yara_Var,Yara_Var,1.0,4.4613427e-10
Termal_Dataset\Yara_Yok\Çok Yüksek Risk _2\TOPUK.ÇYR.-2.3 (5).jpg,Yara_Yok,Yara_Yok,0.00960761,0.99039245
Termal_Dataset\Yara_Yok\Çok Yüksek Risk _2\TOPUK.ÇYR.-2.3 (6).jpg,Yara_Yok,Yara_Yok,0.03194421,0.9680558
Termal_Dataset\Yara_Yok\Çok Yüksek Risk _2\TOPUK.ÇYR.-2.3.jpeg,Yara_Yok,Yara_Yok,0.072246194,0.9277538
Termal_Dataset\Yara_Yok\Çok Yüksek Risk _2\TOPUK.ÇYR.-2.3.jpg,Yara_Yok,Yara_Yok,4.593126e-06,0.99999535
Termal_Dataset\Yara_Yok\Çok Yüksek Risk _2\TOPUK.ÇYR.-2.4 (1).jpg,Yara_Var,Yara_Var,0.99094874,0.0090512335
Termal_Dataset\Yara_Yok\Çok Yüksek Risk _2\TOPUK.ÇYR.-2.4 (2).jpg,Yara_Yok,Yara_Yok,0.00012932353,0.99987066
Termal_Dataset\Yara_Yok\Çok Yüksek Risk _2\TOPUK.ÇYR.-2.4 (3).jpg,Yara_Yok,Yara_Yok,0.001103835,0.9988961
Termal_Dataset\Yara_Yok\Çok Yüksek Risk _2\TOPUK.ÇYR.-2.4 (4).jpg,Yara_Yok,Yara_Yok,0.00044105234,0.999559
Termal_Dataset\Yara_Yok\Çok Yüksek Risk _2\TOPUK.ÇYR.-2.4.jpg,Yara_Var,Yara_Var,0.60267717,0.3973228
Termal_Dataset\Yara_Yok\Çok Yüksek Risk _2\TOPUK.ÇYR.-2.5 (1).jpg,Yara_Var,Yara_Var,0.9176445,0.08235551
Termal_Dataset\Yara_Yok\Çok Yüksek Risk _2\TOPUK.ÇYR.-2.5 (10).jpg,Yara_Var,Yara_Var,0.97652686,0.02347316
Termal_Dataset\Yara_Yok\Çok Yüksek Risk _2\TOPUK.ÇYR.-2.5 (2).jpg,Yara_Var,Yara_Var,0.9957451,0.0042549223
Termal_Dataset\Yara_Yok\Çok Yüksek Risk _2\TOPUK.ÇYR.-2.5 (3).jpg,Yara_Var,Yara_Var,0.99733186,0.002668193
Termal_Dataset\Yara_Yok\Çok Yüksek Risk _2\TOPUK.ÇYR.-2.5 (4).jpg,Yara_Var,Yara_Yok,0.024014741,0.9759853
Termal_Dataset\Yara_Yok\Çok Yüksek Risk _2\TOPUK.ÇYR.-2.5 (5).jpg,Yara_Yok,Yara_Yok,0.00066819467,0.9993318
Termal_Dataset\Yara_Yok\Çok Yüksek Risk _2\TOPUK.ÇYR.-2.5 (6).jpg,Yara_Var,Yara_Var,0.9945945,0.0054054484
Termal_Dataset\Yara_Yok\Çok Yüksek Risk _2\TOPUK.ÇYR.-2.5 (7).jpg,Yara_Yok,Yara_Yok,1.9188079e-05,0.9999808
Termal_Dataset\Yara_Yok\Çok Yüksek Risk _2\TOPUK.ÇYR.-2.5 (8).jpg,Yara_Var,Yara_Var,0.9902766,0.009723419
Termal_Dataset\Yara_Yok\Çok Yüksek Risk _2\TOPUK.ÇYR.-2.5 (9).jpg,Yara_Yok,Yara_Yok,0.0025164213,0.99748355
Termal_Dataset\Yara_Yok\Çok Yüksek Risk _2\TOPUK.ÇYR.-2.5.jpeg,Yara_Var,Yara_Var,0.9994573,0.0005427382
Termal_Dataset\Yara_Yok\Çok Yüksek Risk _2\TOPUK.ÇYR.-2.5.jpg,Yara_Var,Yara_Var,0.93376464,0.066235356
Termal_Dataset\Yara_Yok\Çok Yüksek Risk _2\TOPUK.ÇYR.-2.6 (1).jpg,Yara_Var,Yara_Var,0.98685163,0.013148418
Termal_Dataset\Yara_Yok\Çok Yüksek Risk _2\TOPUK.ÇYR.-2.6 (2).jpg,Yara_Var,Yara_Var,0.9999969,3.0446056e-06
Termal_Dataset\Yara_Yok\Çok Yüksek Risk _2\TOPUK.ÇYR.-2.6 (3).jpg,Yara_Var,Yara_Var,0.9903492,0.009650893
Termal_Dataset\Yara_Yok\Çok Yüksek Risk _2\TOPUK.ÇYR.-2.6 (4).jpg,Yara_Yok,Yara_Yok,2.0664178e-05,0.9999794
Termal_Dataset\Yara_Yok\Çok Yüksek Risk _2\TOPUK.ÇYR.-2.6 (5).jpg,Yara_Var,Yara_Var,0.99964106,0.00035895046
Termal_Dataset\Yara_Yok\Çok Yüksek Risk _2\TOPUK.ÇYR.-2.6.jpeg,Yara_Yok,Yara_Yok,0.105800405,0.8941996
Termal_Dataset\Yara_Yok\Çok Yüksek Risk _2\TOPUK.ÇYR.-2.6.jpg,Yara_Yok,Yara_Yok,0.0424409,0.95755905
Termal_Dataset\Yara_Yok\Çok Yüksek Risk _2\TOPUK.ÇYR.-2.7 (1).jpg,Yara_Var,Yara_Var,0.98854524,0.01145474
Termal_Dataset\Yara_Yok\Çok Yüksek Risk _2\TOPUK.ÇYR.-2.7 (2).jpg,Yara_Var,Yara_Var,0.9999993,6.88371e-07
Termal_Dataset\Yara_Yok\Çok Yüksek Risk _2\TOPUK.ÇYR.-2.7.jpg,Yara_Yok,Yara_Yok,0.0017138832,0.99828607
Termal_Dataset\Yara_Yok\Çok Yüksek Risk _2\TOPUK.ÇYR.-2.8 (1).jpg,Yara_Yok,Yara_Yok,0.00010551425,0.9998945
Termal_Dataset\Yara_Yok\Çok Yüksek Risk _2\TOPUK.ÇYR.-2.8 (2).jpg,Yara_Yok,Yara_Yok,0.0002253955,0.99977463
Termal_Dataset\Yara_Yok\Çok Yüksek Risk _2\TOPUK.ÇYR.-2.8 (3).jpg,Yara_Var,Yara_Var,0.99172676,0.008273268
Termal_Dataset\Yara_Yok\Çok Yüksek Risk _2\TOPUK.ÇYR.-2.8 (4).jpg,Yara_Yok,Yara_Yok,3.9450406e-08,1.0
Termal_Dataset\Yara_Yok\Çok Yüksek Risk _2\TOPUK.ÇYR.-2.8 (5).jpg,Yara_Yok,Yara_Yok,0.0023003444,0.9976997
Termal_Dataset\Yara_Yok\Çok Yüksek Risk _2\TOPUK.ÇYR.-2.8 (6).jpg,Yara_Yok,Yara_Yok,7.307107e-05,0.9999269
Termal_Dataset\Yara_Yok\Çok Yüksek Risk _2\TOPUK.ÇYR.-2.8.jpg,Yara_Var,Yara_Var,0.9881656,0.011834444
Termal_Dataset\Yara_Yok\Çok Yüksek Risk _2\TOPUK.ÇYR.-2.9 (1).jpg,Yara_Var,Yara_Var,0.93376464,0.066235356
Termal_Dataset\Yara_Yok\Çok Yüksek Risk _2\TOPUK.ÇYR.-2.9 (2).jpg,Yara_Yok,Yara_Yok,4.0726177e-06,0.99999595
Termal_Dataset\Yara_Yok\Çok Yüksek Risk _2\TOPUK.ÇYR.-2.9 (3).jpg,Yara_Var,Yara_Var,0.9966878,0.0033122448
Termal_Dataset\Yara_Yok\Çok Yüksek Risk _2\TOPUK.ÇYR.-2.9 (4).jpg,Yara_Var,Yara_Var,0.9001485,0.09985155
Termal_Dataset\Yara_Yok\Çok Yüksek Risk _2\TOPUK.ÇYR.-2.9.jpg,Yara_Var,Yara_Var,0.9999653,3.4684257e-05
Termal_Dataset\Yara_Yok\Çok Yüksek Risk _2\TOPUK.ÇYR.-3 (1).jpg,Yara_Var,Yara_Var,0.99996734,3.2620814e-05
Termal_Dataset\Yara_Yok\Çok Yüksek Risk _2\TOPUK.ÇYR.-3 (2).jpg,Yara_Yok,Yara_Yok,0.092027634,0.9079724
Termal_Dataset\Yara_Yok\Çok Yüksek Risk _2\TOPUK.ÇYR.-3 (3).jpg,Yara_Yok,Yara_Yok,0.0017841755,0.9982158
Termal_Dataset\Yara_Yok\Çok Yüksek Risk _2\TOPUK.ÇYR.-3.0 (2).jpg,Yara_Var,Yara_Var,0.9991855,0.00081454555
Termal_Dataset\Yara_Yok\Çok Yüksek Risk _2\TOPUK.ÇYR.-3.0 (3).jpg,Yara_Yok,Yara_Yok,0.03163286,0.9683671
Termal_Dataset\Yara_Yok\Çok Yüksek Risk _2\TOPUK.ÇYR.-3.0.jpeg,Yara_Yok,Yara_Yok,0.0072625848,0.99273735
Termal_Dataset\Yara_Yok\Çok Yüksek Risk _2\TOPUK.ÇYR.-3.0.jpg,Yara_Yok,Yara_Yok,0.0046580364,0.995342
Termal_Dataset\Yara_Yok\Çok Yüksek Risk _2\TOPUK.ÇYR.-3.1.jpeg,Yara_Var,Yara_Var,0.75908715,0.24091291
Termal_Dataset\Yara_Yok\Çok Yüksek Risk _2\TOPUK.ÇYR.-3.2 (2).jpeg,Yara_Var,Yara_Var,0.9999914,8.599414e-06
Termal_Dataset\Yara_Yok\Çok Yüksek Risk _2\TOPUK.ÇYR.-3.2.jpeg,Yara_Yok,Yara_Yok,1.2330882e-05,0.9999877
Termal_Dataset\Yara_Yok\Çok Yüksek Risk _2\TOPUK.ÇYR.-3.2.jpg,Yara_Var,Yara_Var,1.0,9.322147e-12
Termal_Dataset\Yara_Yok\Çok Yüksek Risk _2\TOPUK.ÇYR.-3.3.jpg,Yara_Var,Yara_Var,0.9999999,1.0324719e-07
Termal_Dataset\Yara_Yok\Çok Yüksek Risk _2\TOPUK.ÇYR.-3.4 (1).jpg,Yara_Yok,Yara_Yok,0.021910928,0.97808903
Termal_Dataset\Yara_Yok\Çok Yüksek Risk _2\TOPUK.ÇYR.-3.4 (2).jpg,Yara_Yok,Yara_Yok,7.953527e-06,0.999992
Termal_Dataset\Yara_Yok\Çok Yüksek Risk _2\TOPUK.ÇYR.-3.4.jpg,Yara_Var,Yara_Var,0.96829593,0.031704087
Termal_Dataset\Yara_Yok\Çok Yüksek Risk _2\TOPUK.ÇYR.-3.5 (1).jpg,Yara_Var,Yara_Var,0.9957178,0.0042822263
Termal_Dataset\Yara_Yok\Çok Yüksek Risk _2\TOPUK.ÇYR.-3.5 (2).jpg,Yara_Var,Yara_Var,0.99999726,2.7648566e-06
Termal_Dataset\Yara_Yok\Çok Yüksek Risk _2\TOPUK.ÇYR.-3.5 (3).jpg,Yara_Var,Yara_Var,0.99890053,0.001099444
Termal_Dataset\Yara_Yok\Çok Yüksek Risk _2\TOPUK.ÇYR.-3.5 (4).jpg,Yara_Var,Yara_Var,0.9990426,0.0009573778
Termal_Dataset\Yara_Yok\Çok Yüksek Risk _2\TOPUK.ÇYR.-3.5.jpg,Yara_Yok,Yara_Yok,0.0008602135,0.9991398
Termal_Dataset\Yara_Yok\Çok Yüksek Risk _2\TOPUK.ÇYR.-3.6 (1).jpg,Yara_Yok,Yara_Yok,0.00019961756,0.9998004
Termal_Dataset\Yara_Yok\Çok Yüksek Risk _2\TOPUK.ÇYR.-3.6.jpg,Yara_Var,Yara_Var,0.992789,0.0072110994
Termal_Dataset\Yara_Yok\Çok Yüksek Risk _2\TOPUK.ÇYR.-3.7 (1).jpg,Yara_Yok,Yara_Yok,0.39434725,0.60565275
Termal_Dataset\Yara_Yok\Çok Yüksek Risk _2\TOPUK.ÇYR.-3.7.jpg,Yara_Var,Yara_Var,0.99969244,0.00030756183
Termal_Dataset\Yara_Yok\Çok Yüksek Risk _2\TOPUK.ÇYR.-3.8.jpg,Yara_Var,Yara_Var,0.9476923,0.052307706
Termal_Dataset\Yara_Yok\Çok Yüksek Risk _2\TOPUK.ÇYR.-3.9.jpg,Yara_Yok,Yara_Var,0.9999999,6.798836e-08
Termal_Dataset\Yara_Yok\Çok Yüksek Risk _2\TOPUK.ÇYR.-3.jpg,Yara_Var,Yara_Var,0.99999964,3.0962207e-07
Termal_Dataset\Yara_Yok\Çok Yüksek Risk _2\TOPUK.ÇYR.-4.1.jpg,Yara_Yok,Yara_Yok,0.11245154,0.8875485
Termal_Dataset\Yara_Yok\Çok Yüksek Risk _2\TOPUK.ÇYR.-4.3.jpg,Yara_Yok,Yara_Yok,2.333546e-08,1.0
Termal_Dataset\Yara_Yok\Çok Yüksek Risk _2\TOPUK.ÇYR.-4.9 (1).jpg,Yara_Yok,Yara_Yok,0.0042327447,0.99576724
Termal_Dataset\Yara_Yok\Çok Yüksek Risk _2\TOPUK.ÇYR.-4.9.jpg,Yara_Yok,Yara_Yok,0.10282454,0.89717543
Termal_Dataset\Yara_Yok\Çok Yüksek Risk _2\TOPUK.ÇYR.-4.jpg,Yara_Var,Yara_Var,0.97145295,0.028547095
Termal_Dataset\Yara_Yok\Çok Yüksek Risk _2\TOPUK.ÇYR.-5.2.jpg,Yara_Var,Yara_Var,0.99999917,8.2434445e-07
Termal_Dataset\Yara_Yok\Çok Yüksek Risk _2\TOPUKÇYR.-2.3.jpg,Yara_Var,Yara_Var,0.9998646,0.00013542791
